;;;;;;;;;;;;;;;;;;;;;;;;;;;;;;;;;;;
Vanilla--->COG Divisor;;;;;14;;;;;;;;;;;;;;;;;;;;;;;;;;;;;;
;;;;;;;;;;;;;;;;;;;;;;;;;;;;;;;;;;;
;;;;;;;;;;;;;;;;;;;;;;;;;;;;;;;;;;;
;;;;;;;;;;;;;;;;;;;;;;;;;;;;;;;;;;;
;;;;;;;;;;;;;;;;;;;;;;;;;;;;;;;;;;;
;These values were collected from the presets in CustomOreGen_Config_Default.xml;;;;;;;;;;;;;;;;;;;;;;;;;;;;;;;;;;
Distribution Preset:;Calc. Ores/Chunk;Vein Frequency;Motherlode Size;Branch Length;Segment Radius;Cloud Frequency;Cloud Radius;Cloud Thickness;Density;;;;Previous Value;Change Significance:;;;;;;;;;;;;;;;;;;;;;
Sparse Veins:;0.190;0.0065;2.3;180;2;;;;0.04;;;;0.68;27.99%;;;;;;;;;;;;;;;;;;;;;
Layered Veins:;1.141;0.025;2.5;120;0.5;;;;1;;;;5.94;19.20%;;;;;;;;;;;;;;;;;;;;;
Small Deposits:;0.729;1;0.9;0;0;;;;1;;;;2.28;31.97%;;;;;;;;;;;;;;;;;;;;;
Vertical Veins:;0.346;0.08;0;48;0.3;;;;1;;;;1.73;19.98%;;;;;;;;;;;;;;;;;;;;;
Pipe Veins:;0.490;0.06;2.3;48;2;;;;0.04;;;;4.38;11.19%;;;;;;;;;;;;;;;;;;;;;
Huge Veins:;0.250;0.00025;10;500;0.025;;;;1;;;;1.46;17.13%;;;;;;;;;;;;;;;;;;;;;
Strategic Clouds:;0.875;;;;;0.001;25;14;0.1;;;;1.49;58.72%;;;;;;;;;;;;;;;;;;;;;
Stratum Clouds:;2.56;;;;;0.01;16;1;1;;;;;;;;;;;;;;;;;;;;;;;;;;
;;;;;;;;;;;;;;;;;;;;;;;;;;;;;;;;;;;
;;;;;;;;Use These Values for Vanilla Distribution.;;;Use These Values for Vein Distributions:;;;;;Use These Values for Cloud Distrbutions.;;Height;;;;;;;;;;;;;;;;;
Mod Name:;Ore Name:;Preferred Preset;Vein Preset:;Cloud Preset;Ores Per Chunk:;Vein Size:;Veins Per Chunk:;Standard Size:;Standard Frequency:;Vein Multiplier;Frequency;Motherlode Size;Branch Length;Segment Radius;Cloud Multiplier:;Frequency;Radius & Thickness;Average:;Range:;Amp. Average;Amp Range:;Bottom;Top;Mountain Avg.;Mountain Range:;Amplified Top;Debugging Color;Seed;Dimension;Distribution Type;Block ID(s);Replaces;Extra Sprocket Settings;Extra Sprocket Mountain Settings;Notes:
Applied Energistics;Certus Quartz;Vanilla;Sparse Veins;Strategic Clouds;30;4;15;2.000;7.500;11.257;3.355;none;1.832;1.353;2.449;1.565;1.251;43;26;47.75;30.75;17;69;193;78;78.5;9BBEC2;;Overworld, Underdark;normal;appliedenergistics2:tile.OreQuartz, appliedenergistics2:tile.OreQuartzCharged;minecraft:stone;Block Weights: 0.90, 0.10;Need Biome Types: Mountain\nNeed Biomes: MISSING;
Chisel 2;Andesite;Vanilla;Huge Veins;Stratum Clouds;64;16;8;8.000;4.000;18.280;4.276;1.274;2.068;1.438;1.786;1.336;1.156;67;61;127.8;121.8;6;128;0;0;249.6;CECABE;;Overworld, Underdark;uniform;chisel:andesite;minecraft:stone;;Need Biome Types: Mountain\nNeed Biomes: MISSING;
Chisel 2;Diorite;Vanilla;Huge Veins;Stratum Clouds;64;16;8;8.000;4.000;18.280;4.276;1.274;2.068;1.438;1.786;1.336;1.156;67;61;127.8;121.8;6;128;0;0;249.6;E6E5D3;;Overworld, Underdark;uniform;chisel:diorite;minecraft:stone;;Need Biome Types: Mountain\nNeed Biomes: MISSING;
Chisel 2;Granite;Vanilla;Huge Veins;Stratum Clouds;64;16;8;8.000;4.000;18.280;4.276;1.274;2.068;1.438;1.786;1.336;1.156;67;61;127.8;121.8;6;128;0;0;249.6;F2D9C3;;Overworld, Underdark;uniform;chisel:granite;minecraft:stone;;Need Biome Types: Mountain\nNeed Biomes: MISSING;
Chisel 2;Limestone;Vanilla;Huge Veins;Stratum Clouds;88;22;8;11.000;4.000;25.135;5.013;1.308;2.239;1.496;2.455;1.567;1.252;67;61;127.8;121.8;6;128;0;0;249.6;A5A28F;;Overworld, Underdark;uniform;chisel:limestone;minecraft:stone;;Need Biome Types: Mountain\nNeed Biomes: MISSING;
Chisel 2;Marble;Vanilla;Huge Veins;Stratum Clouds;77;22;7;11.000;3.500;21.993;4.690;1.294;2.166;1.472;2.148;1.466;1.211;67;61;127.8;121.8;6;128;0;0;249.6;CECECE;;Overworld, Underdark;uniform;chisel:marble;minecraft:stone;;Need Biome Types: Mountain\nNeed Biomes: MISSING;
ElectriCraft;Copper;Vanilla;Huge Veins;Strategic Clouds;24;6;8;3.000;4.000;6.855;2.618;1.174;1.618;1.272;1.959;1.400;1.183;48;16;48;16;32;64;208;48;64;BB6E30;;Overworld, Underdark;normal;ElectriCraft:electricraft_block_ore;minecraft:stone;Active: no;Need Biome Types: Mountain\nNeed Biomes: MISSING;
ElectriCraft;Tin;Vanilla;Huge Veins;Strategic Clouds;32;8;8;4.000;4.000;9.140;3.023;1.202;1.739;1.319;2.612;1.616;1.271;60;12;67.6;19.6;48;72;244;36;87.2;A9C7CF;;Overworld, Underdark;normal;ElectriCraft:electricraft_block_ore:1;minecraft:stone;Active: no;Need Biome Types: Mountain\nNeed Biomes: MISSING;
ElectriCraft;Silver;Vanilla;Huge Veins;Strategic Clouds;12;6;4;3.000;2.000;3.428;1.851;1.108;1.361;1.166;0.980;0.990;0.995;19;13;19;13;6;32;121;39;32;B6D2EA;;Overworld, Underdark;normal;ElectriCraft:electricraft_block_ore:2;minecraft:stone;Active: no;Need Biome Types: Mountain\nNeed Biomes: MISSING;
ElectriCraft;Nickel;Vanilla;Huge Veins;Strategic Clouds;24;8;6;4.000;3.000;6.855;2.618;1.174;1.618;1.272;1.959;1.400;1.183;32;16;32;16;16;48;160;48;48;D2D1B6;;Overworld, Underdark;normal;ElectriCraft:electricraft_block_ore:3;minecraft:stone;Active: no;Need Biome Types: Mountain\nNeed Biomes: MISSING;
ElectriCraft;Aluminum;Vanilla;Huge Veins;Strategic Clouds;40;8;10;4.000;5.000;11.425;3.380;1.225;1.839;1.356;3.265;1.807;1.344;94;34;154.8;94.8;60;128;0;0;249.6;DAD9DB;;Overworld, Underdark;uniform;ElectriCraft:electricraft_block_ore:4;minecraft:stone;Active: no;Need Biome Types: Mountain\nNeed Biomes: MISSING;
ElectriCraft;Platinum;Vanilla;Huge Veins;Strategic Clouds;4;4;2;2.000;1.000;1.143;1.069;1.011;1.034;1.017;0.327;0.571;0.756;11;5;11;5;6;16;97;15;16;2D84E7;;Overworld, Underdark;normal;ElectriCraft:electricraft_block_ore:5;minecraft:stone;Active: no;Need Biome Types: Mountain\nNeed Biomes: MISSING;
Forestry;Apatite;Vanilla;Sparse Veins;Strategic Clouds;18;36;1;18.000;0.500;6.754;2.599;none;1.612;1.270;1.469;1.212;1.101;120;64;234;178;56;184;0;0;412;52BBEF;;Overworld, Underdark;uniform;Forestry:resources;minecraft:stone;;Need Biome Types: Mountain\nNeed Biomes: MISSING;
Forestry;Copper;Vanilla;Huge Veins;Strategic Clouds;60;6;20;3.000;10.000;17.138;4.140;1.267;2.035;1.426;4.898;2.213;1.488;106;74;216.2;184.2;32;180;0;0;400.4;E3B78E;;Overworld, Underdark;uniform;Forestry:resources:1;minecraft:stone;Active: no;Need Biome Types: Mountain\nNeed Biomes: MISSING;
Forestry;Tin;Vanilla;Huge Veins;Strategic Clouds;54;6;18;3.000;9.000;15.424;3.927;1.256;1.982;1.408;4.408;2.100;1.449;98;82;208.2;192.2;16;180;0;0;400.4;D1EDF1;;Overworld, Underdark;uniform;Forestry:resources:2;minecraft:stone;Active: no;Need Biome Types: Mountain\nNeed Biomes: MISSING;
Fossils & Archaeology;Fossils;Vanilla;Sparse Veins;Stratum Clouds;152;8;38;4.000;19.000;57.034;7.552;none;2.748;1.658;4.241;2.059;1.435;53;47;87.2;81.2;6;100;223;141;168.4;FEFDDF;;Overworld, Underdark;normal;fossil:fossil;minecraft:stone;Prefer Biome Types: Swamp, desert\nCloud Density: 0.01 * _default_, 0.01 * _default_, normal, base;Need Biome Types: Mountain\nNeed Biomes: MISSING;
Fossils & Archaeology;Permafrost;Vanilla;Sparse Veins;Stratum Clouds;16;4;8;2.000;4.000;6.004;2.450;none;1.565;1.251;0.446;0.668;0.817;18;12.5;18;12.5;5.5;30.5;118;37.5;30.5;A5C3F5;;Overworld, Underdark;normal;fossil:permafrost;minecraft:stone;Need Biome Types: Frozen\nCloud Density: 0.01 * _default_, 0.01 * _default_, normal, base;Need Biome Types: Mountain\nNeed Biomes: MISSING;
Pam's HarvestCraft;Salt;Vanilla;Sparse Veins;Strategic Clouds;75;5;30;2.500;15.000;28.142;5.305;none;2.303;1.518;6.122;2.474;1.573;67;61;127.8;121.8;6;128;0;0;249.6;90927C;;Overworld, Underdark;uniform;harvestcraft:salt;minecraft:stone;;Need Biome Types: Mountain\nNeed Biomes: MISSING;
Metallurgy 4;Sulfur;Vanilla;Sparse Veins;Strategic Clouds;8;4;4;2.000;2.000;3.002;1.733;none;1.316;1.147;0.653;0.808;0.899;67;61;127.8;121.8;6;128;0;0;249.6;FCF570;;Overworld, Underdark;uniform;Metallurgy:utility.ore;minecraft:stone;Active: no;Need Biome Types: Mountain\nNeed Biomes: MISSING;
Metallurgy 4;Phosphorite;Vanilla;Sparse Veins;Strategic Clouds;8;4;4;2.000;2.000;3.002;1.733;none;1.316;1.147;0.653;0.808;0.899;67;61;127.8;121.8;6;128;0;0;249.6;8D6161;;Overworld, Underdark;uniform;Metallurgy:utility.ore:1;minecraft:stone;Active: no;Need Biome Types: Mountain\nNeed Biomes: MISSING;
Metallurgy 4;Saltpeter;Vanilla;Sparse Veins;Strategic Clouds;8;4;4;2.000;2.000;3.002;1.733;none;1.316;1.147;0.653;0.808;0.899;67;61;127.8;121.8;6;128;0;0;249.6;EAEAEA;;Overworld, Underdark;uniform;Metallurgy:utility.ore:2;minecraft:stone;Active: no;Need Biome Types: Mountain\nNeed Biomes: MISSING;
Metallurgy 4;Magnesium;Vanilla;Sparse Veins;Strategic Clouds;8;4;4;2.000;2.000;3.002;1.733;none;1.316;1.147;0.653;0.808;0.899;67;61;127.8;121.8;6;128;0;0;249.6;927C6C;;Overworld, Underdark;uniform;Metallurgy:utility.ore:3;minecraft:stone;Active: no;Need Biome Types: Mountain\nNeed Biomes: MISSING;
Metallurgy 4;Bitumen;Vanilla;Sparse Veins;Strategic Clouds;8;4;4;2.000;2.000;3.002;1.733;none;1.316;1.147;0.653;0.808;0.899;67;61;127.8;121.8;6;128;0;0;249.6;2A2A2A;;Overworld, Underdark;uniform;Metallurgy:utility.ore:4;minecraft:stone;;Need Biome Types: Mountain\nNeed Biomes: MISSING;
Metallurgy 4;Potash;Vanilla;Sparse Veins;Strategic Clouds;8;4;4;2.000;2.000;3.002;1.733;none;1.316;1.147;0.653;0.808;0.899;67;61;127.8;121.8;6;128;0;0;249.6;FFAA00;;Overworld, Underdark;uniform;Metallurgy:utility.ore:5;minecraft:stone;Active: no;Need Biome Types: Mountain\nNeed Biomes: MISSING;
Metallurgy 4;Copper;Vanilla;Huge Veins;Strategic Clouds;36;6;12;3.000;6.000;10.283;3.207;1.214;1.791;1.338;2.939;1.714;1.309;67;61;127.8;121.8;6;128;0;0;249.6;EA6515;;Overworld, Underdark;uniform;Metallurgy:base.ore;minecraft:stone;Active: no;Need Biome Types: Mountain\nNeed Biomes: MISSING;
Metallurgy 4;Tin;Vanilla;Huge Veins;Strategic Clouds;35;10;7;5.000;3.500;9.997;3.162;1.211;1.778;1.333;2.857;1.690;1.300;67;61;127.8;121.8;6;128;0;0;249.6;BDBDBD;;Overworld, Underdark;uniform;Metallurgy:base.ore:1;minecraft:stone;Active: no;Need Biome Types: Mountain\nNeed Biomes: MISSING;
Metallurgy 4;Manganese;Vanilla;Huge Veins;Strategic Clouds;10;4;5;2.000;2.500;2.856;1.690;1.091;1.300;1.140;0.816;0.904;0.951;67;61;127.8;121.8;6;128;0;0;249.6;FCC7C7;;Overworld, Underdark;uniform;Metallurgy:base.ore:2;minecraft:stone;Active: no;Need Biome Types: Mountain\nNeed Biomes: MISSING;
Metallurgy 4;Zinc;Vanilla;Huge Veins;Strategic Clouds;15;5;6;2.500;3.000;4.284;2.070;1.129;1.439;1.199;1.224;1.107;1.052;67;61;127.8;121.8;6;128;0;0;249.6;BFC55C;;Overworld, Underdark;uniform;Metallurgy:precious.ore;minecraft:stone;Active: no;Need Biome Types: Mountain\nNeed Biomes: MISSING;
Metallurgy 4;Silver;Vanilla;Huge Veins;Strategic Clouds;15;5;6;2.500;3.000;4.284;2.070;1.129;1.439;1.199;1.224;1.107;1.052;67;61;127.8;121.8;6;128;0;0;249.6;E1E1E1;;Overworld, Underdark;uniform;Metallurgy:precious.ore:1;minecraft:stone;Active: no;Need Biome Types: Mountain\nNeed Biomes: MISSING;
Metallurgy 4;Platinum;Vanilla;Huge Veins;Strategic Clouds;4.5;3;3;1.500;1.500;1.285;1.134;1.021;1.065;1.032;0.367;0.606;0.779;67;61;127.8;121.8;6;128;0;0;249.6;B8D6DB;;Overworld, Underdark;uniform;Metallurgy:precious.ore:2;minecraft:stone;Active: no;Need Biome Types: Mountain\nNeed Biomes: MISSING;
Metallurgy 4;Promethium;Vanilla;Huge Veins;Strategic Clouds;15;6;5;3.000;2.500;4.284;2.070;1.129;1.439;1.199;1.224;1.107;1.052;67;61;127.8;121.8;6;128;0;0;249.6;5D8258;;Overworld, Underdark;uniform;Metallurgy:fantasy.ore;minecraft:stone;Active: no;Need Biome Types: Mountain\nNeed Biomes: MISSING;
Metallurgy 4;Deep Iron;Vanilla;Huge Veins;Strategic Clouds;10;4;5;2.000;2.500;2.856;1.690;1.091;1.300;1.140;0.816;0.904;0.951;67;61;127.8;121.8;6;128;0;0;249.6;4C5E6C;;Overworld, Underdark;uniform;Metallurgy:fantasy.ore:1;minecraft:stone;Active: no;Need Biome Types: Mountain\nNeed Biomes: MISSING;
Metallurgy 4;Infuscolium;Vanilla;Huge Veins;Strategic Clouds;10;4;5;2.000;2.500;2.856;1.690;1.091;1.300;1.140;0.816;0.904;0.951;67;61;127.8;121.8;6;128;0;0;249.6;8B2656;;Overworld, Underdark;uniform;Metallurgy:fantasy.ore:2;minecraft:stone;Active: no;Need Biome Types: Mountain\nNeed Biomes: MISSING;
Metallurgy 4;Oureclase;Vanilla;Huge Veins;Strategic Clouds;6;3;4;1.500;2.000;1.714;1.309;1.046;1.144;1.070;0.490;0.700;0.837;67;61;127.8;121.8;6;128;0;0;249.6;9A7607;;Overworld, Underdark;uniform;Metallurgy:fantasy.ore:4;minecraft:stone;Active: no;Need Biome Types: Mountain\nNeed Biomes: MISSING;
Metallurgy 4;Astral Silver;Vanilla;Huge Veins;Strategic Clouds;6;3;4;1.500;2.000;1.714;1.309;1.046;1.144;1.070;0.490;0.700;0.837;67;61;127.8;121.8;6;128;0;0;249.6;ADC3C3;;Overworld, Underdark;uniform;Metallurgy:fantasy.ore:5;minecraft:stone;Active: no;Need Biome Types: Mountain\nNeed Biomes: MISSING;
Metallurgy 4;Carmot;Vanilla;Huge Veins;Strategic Clouds;4.5;3;3;1.500;1.500;1.285;1.134;1.021;1.065;1.032;0.367;0.606;0.779;67;61;127.8;121.8;6;128;0;0;249.6;D7C986;;Overworld, Underdark;uniform;Metallurgy:fantasy.ore:6;minecraft:stone;Active: no;Need Biome Types: Mountain\nNeed Biomes: MISSING;
Metallurgy 4;Mithril;Vanilla;Huge Veins;Strategic Clouds;4.5;3;3;1.500;1.500;1.285;1.134;1.021;1.065;1.032;0.367;0.606;0.779;67;61;127.8;121.8;6;128;0;0;249.6;9AF3F7;;Overworld, Underdark;uniform;Metallurgy:fantasy.ore:7;minecraft:stone;Active: no;Need Biome Types: Mountain\nNeed Biomes: MISSING;
Metallurgy 4;Rubracium;Vanilla;Huge Veins;Strategic Clouds;3;3;2;1.500;1.000;0.857;0.926;0.987;0.962;0.981;0.245;0.495;0.703;67;61;127.8;121.8;6;128;0;0;249.6;A1363C;;Overworld, Underdark;uniform;Metallurgy:fantasy.ore:8;minecraft:stone;Active: no;Need Biome Types: Mountain\nNeed Biomes: MISSING;
Metallurgy 4;Orichalcum;Vanilla;Huge Veins;Strategic Clouds;4;4;2;2.000;1.000;1.143;1.069;1.011;1.034;1.017;0.327;0.571;0.756;67;61;127.8;121.8;6;128;0;0;249.6;466432;;Overworld, Underdark;uniform;Metallurgy:fantasy.ore:11;minecraft:stone;Active: no;Need Biome Types: Mountain\nNeed Biomes: MISSING;
Metallurgy 4;Adamantine;Vanilla;Huge Veins;Strategic Clouds;3;3;2;1.500;1.000;0.857;0.926;0.987;0.962;0.981;0.245;0.495;0.703;67;61;127.8;121.8;6;128;0;0;249.6;AC0C0D;;Overworld, Underdark;uniform;Metallurgy:fantasy.ore:13;minecraft:stone;Active: no;Need Biome Types: Mountain\nNeed Biomes: MISSING;
Metallurgy 4;Atlarus;Vanilla;Huge Veins;Strategic Clouds;3;3;2;1.500;1.000;0.857;0.926;0.987;0.962;0.981;0.245;0.495;0.703;67;61;127.8;121.8;6;128;0;0;249.6;C4B117;;Overworld, Underdark;uniform;Metallurgy:fantasy.ore:14;minecraft:stone;Active: no;Need Biome Types: Mountain\nNeed Biomes: MISSING;
Metallurgy 4;Ignatius;Vanilla;Huge Veins;Strategic Clouds;27;6;9;3.000;4.500;7.712;2.777;1.186;1.666;1.291;2.204;1.485;1.218;67;61;127.8;121.8;6;128;0;0;249.6;EE810A;;Nether;uniform;Metallurgy:nether.ore;minecraft:netherrack;Active: no;Need Biome Types: Mountain\nNeed Biomes: MISSING;
Metallurgy 4;Shadow Iron;Vanilla;Huge Veins;Strategic Clouds;21;6;7;3.000;3.500;5.998;2.449;1.161;1.565;1.251;1.714;1.309;1.144;67;61;127.8;121.8;6;128;0;0;249.6;634C3F;;Nether;uniform;Metallurgy:nether.ore:1;minecraft:netherrack;Active: no;Need Biome Types: Mountain\nNeed Biomes: MISSING;
Metallurgy 4;Lemurite;Vanilla;Huge Veins;Strategic Clouds;18;6;6;3.000;3.000;5.141;2.267;1.146;1.506;1.227;1.469;1.212;1.101;67;61;127.8;121.8;6;128;0;0;249.6;B1B1B4;;Nether;uniform;Metallurgy:nether.ore:2;minecraft:netherrack;Active: no;Need Biome Types: Mountain\nNeed Biomes: MISSING;
Metallurgy 4;Midasium;Vanilla;Huge Veins;Strategic Clouds;15;6;5;3.000;2.500;4.284;2.070;1.129;1.439;1.199;1.224;1.107;1.052;67;61;127.8;121.8;6;128;0;0;249.6;F6B237;;Nether;uniform;Metallurgy:nether.ore:3;minecraft:netherrack;Active: no;Need Biome Types: Mountain\nNeed Biomes: MISSING;
Metallurgy 4;Vyroxeres;Vanilla;Huge Veins;Strategic Clouds;14;7;4;3.500;2.000;3.999;2.000;1.122;1.414;1.189;1.143;1.069;1.034;67;61;127.8;121.8;6;128;0;0;249.6;57D411;;Nether;uniform;Metallurgy:nether.ore:4;minecraft:netherrack;Active: no;Need Biome Types: Mountain\nNeed Biomes: MISSING;
Metallurgy 4;Ceruclase;Vanilla;Huge Veins;Strategic Clouds;8;4;4;2.000;2.000;2.285;1.512;1.071;1.229;1.109;0.653;0.808;0.899;67;61;127.8;121.8;6;128;0;0;249.6;3F869C;;Nether;uniform;Metallurgy:nether.ore:5;minecraft:netherrack;Active: no;Need Biome Types: Mountain\nNeed Biomes: MISSING;
Metallurgy 4;Alduorite;Vanilla;Huge Veins;Strategic Clouds;6;4;3;2.000;1.500;1.714;1.309;1.046;1.144;1.070;0.490;0.700;0.837;67;61;127.8;121.8;6;128;0;0;249.6;9FCED2;;Nether;uniform;Metallurgy:nether.ore:6;minecraft:netherrack;Active: no;Need Biome Types: Mountain\nNeed Biomes: MISSING;
Metallurgy 4;Kalendrite;Vanilla;Huge Veins;Strategic Clouds;6;4;3;2.000;1.500;1.714;1.309;1.046;1.144;1.070;0.490;0.700;0.837;67;61;127.8;121.8;6;128;0;0;249.6;AB6AB9;;Nether;uniform;Metallurgy:nether.ore:7;minecraft:netherrack;Active: no;Need Biome Types: Mountain\nNeed Biomes: MISSING;
Metallurgy 4;Vulcanite;Vanilla;Huge Veins;Strategic Clouds;3;3;2;1.500;1.000;0.857;0.926;0.987;0.962;0.981;0.245;0.495;0.703;67;61;127.8;121.8;6;128;0;0;249.6;E66922;;Nether;uniform;Metallurgy:nether.ore:8;minecraft:netherrack;Active: no;Need Biome Types: Mountain\nNeed Biomes: MISSING;
Metallurgy 4;Sanguinite;Vanilla;Huge Veins;Strategic Clouds;3;3;2;1.500;1.000;0.857;0.926;0.987;0.962;0.981;0.245;0.495;0.703;67;61;127.8;121.8;6;128;0;0;249.6;C30506;;Nether;uniform;Metallurgy:nether.ore:9;minecraft:netherrack;Active: no;Need Biome Types: Mountain\nNeed Biomes: MISSING;
Metallurgy 4;Eximite;Vanilla;Huge Veins;Strategic Clouds;12;4;6;2.000;3.000;3.428;1.851;1.108;1.361;1.166;0.980;0.990;0.995;67;61;127.8;121.8;6;128;0;0;249.6;7B5994;;End;uniform;Metallurgy:ender.ore;minecraft:end_stone;Active: no;Need Biome Types: Mountain\nNeed Biomes: MISSING;
Metallurgy 4;Meutoite;Vanilla;Huge Veins;Strategic Clouds;4.5;3;3;1.500;1.500;1.285;1.134;1.021;1.065;1.032;0.367;0.606;0.779;67;61;127.8;121.8;6;128;0;0;249.6;5E5168;;End;uniform;Metallurgy:ender.ore:1;minecraft:end_stone;Active: no;Need Biome Types: Mountain\nNeed Biomes: MISSING;
Mohs Mining;Silver;Vanilla;Layered Veins;Strategic Clouds;16;8;4;4.000;2.000;1.002;1.001;1.000;1.000;1.000;0.446;0.668;0.817;20;12;20;12;8;32;124;36;32;E3F2F7;;Overworld;normal;MohsMining:oreSilver;minecraft:stone;;Need Biome Types: Mountain\nNeed Biomes: MISSING;
Mohs Mining;Copper;Vanilla;Layered Veins;Strategic Clouds;84;7;24;3.500;12.000;5.260;2.294;1.148;1.514;1.231;2.344;1.531;1.237;34.5;29.5;34.5;29.5;5;64;167.5;88.5;64;FF8E2B;;Overworld;normal;MohsMining:oreCopper;minecraft:stone;;Need Biome Types: Mountain\nNeed Biomes: MISSING;
Mohs Mining;Tin;Vanilla;Layered Veins;Strategic Clouds;77;7;22;3.500;11.000;4.822;2.196;1.140;1.482;1.217;2.148;1.466;1.211;34.5;29.5;34.5;29.5;5;64;167.5;88.5;64;E8E8E8;;Overworld;normal;MohsMining:oreTin;minecraft:stone;;Need Biome Types: Mountain\nNeed Biomes: MISSING;
Mohs Mining;Platinum;Vanilla;Layered Veins;Strategic Clouds;4;4;2;2.000;1.000;0.250;0.500;0.891;0.707;0.841;0.112;0.334;0.578;10.5;5.5;10.5;5.5;5;16;95.5;16.5;16;2D84E7;;Overworld;normal;MohsMining:orePlatinum;minecraft:stone;;Need Biome Types: Mountain\nNeed Biomes: MISSING;
Mohs Mining;Aluminum;Vanilla;Layered Veins;Strategic Clouds;84;7;24;3.500;12.000;5.260;2.294;1.148;1.514;1.231;2.344;1.531;1.237;34.5;29.5;34.5;29.5;5;64;167.5;88.5;64;EDEDED;;Overworld;normal;MohsMining:oreAluminum;minecraft:stone;;Need Biome Types: Mountain\nNeed Biomes: MISSING;
Mohs Mining;Lead;Vanilla;Layered Veins;Strategic Clouds;32;8;8;4.000;4.000;2.004;1.416;1.060;1.190;1.091;0.893;0.945;0.972;20;12;20;12;8;32;124;36;32;818EBE;;Overworld;normal;MohsMining:oreLead;minecraft:stone;;Need Biome Types: Mountain\nNeed Biomes: MISSING;
Mohs Mining;Nickel;Vanilla;Layered Veins;Strategic Clouds;48;8;12;4.000;6.000;3.006;1.734;1.096;1.317;1.147;1.339;1.157;1.076;32;16;32;16;16;48;160;48;48;D2D1B6;;Overworld;normal;MohsMining:oreNickel;minecraft:stone;;Need Biome Types: Mountain\nNeed Biomes: MISSING;
MineChem;Uranium;Vanilla;Huge Veins;Strategic Clouds;4;4;2;2.000;1.000;1.143;1.069;1.011;1.034;1.017;0.327;0.571;0.756;17.5;12.5;17.5;12.5;5;30;116.5;37.5;30;ACFE91;38D0;Overworld, Underdark;normal;minechem:tile.oreUranium;minecraft:stone;Active: no;Need Biome Types: Mountain\nNeed Biomes: MISSING;
Nether Ores;Coal;Vanilla;Sparse Veins;Strategic Clouds;64;16;8;8.000;4.000;24.014;4.900;none;2.214;1.488;5.224;2.286;1.512;64.5;63.5;125.3;124.3;1;128;0;0;249.6;2D2D2D;;Nether;uniform;NetherOres:tile.netherores.ore.0;minecraft:netherrack;;Need Biome Types: Mountain\nNeed Biomes: MISSING;
Nether Ores;Diamond;Vanilla;Pipe Veins;Strategic Clouds;6;3;4;1.500;2.000;0.694;0.833;none;0.913;0.955;0.389;0.623;0.790;64.5;63.5;125.3;124.3;1;128;0;0;249.6;8BF4E3;AA9C;Nether;uniform;NetherOres:tile.netherores.ore.0:1;minecraft:netherrack;Block Weights: 0.50, 0.50\nAlternate Blocks: minecraft:lava;Need Biome Types: Mountain\nNeed Biomes: MISSING;
Nether Ores;Gold;Vanilla;Huge Veins;Strategic Clouds;24;6;8;3.000;4.000;6.855;2.618;1.174;1.618;1.272;1.959;1.400;1.183;64.5;63.5;125.3;124.3;1;128;0;0;249.6;EAEF57;;Nether;uniform;NetherOres:tile.netherores.ore.0:2;minecraft:netherrack;;Need Biome Types: Mountain\nNeed Biomes: MISSING;
Nether Ores;Iron;Vanilla;Huge Veins;Strategic Clouds;32;8;8;4.000;4.000;9.140;3.023;1.202;1.739;1.319;2.612;1.616;1.271;64.5;63.5;125.3;124.3;1;128;0;0;249.6;DDC2AF;;Nether;uniform;NetherOres:tile.netherores.ore.0:3;minecraft:netherrack;;Need Biome Types: Mountain\nNeed Biomes: MISSING;
Nether Ores;Lapis Lazuli;Vanilla;Vertical Veins;Strategic Clouds;18;6;6;3.000;3.000;3.720;1.929;none;default;1.389;1.469;1.212;1.101;64.5;63.5;125.3;124.3;1;128;0;0;249.6;1442BA;;Nether;uniform;NetherOres:tile.netherores.ore.0:4;minecraft:netherrack;Vein Branch Inclination: -_default_, -_default_, normal, base;Need Biome Types: Mountain\nNeed Biomes: MISSING;
Nether Ores;Redstone;Vanilla;Vertical Veins;Strategic Clouds;24;8;6;4.000;3.000;4.960;2.227;none;default;1.492;1.959;1.400;1.183;64.5;63.5;125.3;124.3;1;128;0;0;249.6;A80002;;Nether;uniform;NetherOres:tile.netherores.ore.0:5;minecraft:netherrack;Vein Branch Inclination: -_default_, -_default_, normal, base;Need Biome Types: Mountain\nNeed Biomes: MISSING;
Nether Ores;Copper;Vanilla;Huge Veins;Strategic Clouds;32;8;8;4.000;4.000;9.140;3.023;1.202;1.739;1.319;2.612;1.616;1.271;64.5;63.5;125.3;124.3;1;128;0;0;249.6;FF8E2B;;Nether;uniform;NetherOres:tile.netherores.ore.0:6;minecraft:netherrack;;Need Biome Types: Mountain\nNeed Biomes: MISSING;
Nether Ores;Tin;Vanilla;Huge Veins;Strategic Clouds;32;8;8;4.000;4.000;9.140;3.023;1.202;1.739;1.319;2.612;1.616;1.271;64.5;63.5;125.3;124.3;1;128;0;0;249.6;E8E8E8;;Nether;uniform;NetherOres:tile.netherores.ore.0:7;minecraft:netherrack;;Need Biome Types: Mountain\nNeed Biomes: MISSING;
Nether Ores;Emerald;Vanilla;Pipe Veins;Strategic Clouds;3;2;3;1.000;1.500;0.347;0.589;none;0.768;0.876;0.194;0.441;0.664;64.5;63.5;125.3;124.3;1;128;0;0;249.6;6CE391;907F;Nether;uniform;NetherOres:tile.netherores.ore.0:8;minecraft:netherrack;Block Weights: 0.50, 0.50\nAlternate Blocks: minecraft:monster_egg;Need Biome Types: Mountain\nNeed Biomes: MISSING;
Nether Ores;Silver;Vanilla;Huge Veins;Strategic Clouds;12;4;6;2.000;3.000;3.428;1.851;1.108;1.361;1.166;0.980;0.990;0.995;64.5;63.5;125.3;124.3;1;128;0;0;249.6;E3F2F7;;Nether;uniform;NetherOres:tile.netherores.ore.0:9;minecraft:netherrack;;Need Biome Types: Mountain\nNeed Biomes: MISSING;
Nether Ores;Lead;Vanilla;Huge Veins;Strategic Clouds;18;6;6;3.000;3.000;5.141;2.267;1.146;1.506;1.227;1.469;1.212;1.101;64.5;63.5;125.3;124.3;1;128;0;0;249.6;818EBE;;Nether;uniform;NetherOres:tile.netherores.ore.0:10;minecraft:netherrack;;Need Biome Types: Mountain\nNeed Biomes: MISSING;
Nether Ores;Uranium;Vanilla;Sparse Veins;Strategic Clouds;3;2;3;1.000;1.500;1.126;1.061;none;1.030;1.015;0.245;0.495;0.703;64.5;63.5;125.3;124.3;1;128;0;0;249.6;ACFE91;;Nether;uniform;NetherOres:tile.netherores.ore.0:11;minecraft:netherrack;;Need Biome Types: Mountain\nNeed Biomes: MISSING;
Nether Ores;Nikolite;Vanilla;Vertical Veins;Strategic Clouds;16;4;8;2.000;4.000;3.307;1.818;none;default;1.349;1.306;1.143;1.069;64.5;63.5;125.3;124.3;1;128;0;0;249.6;01FFFC;;Nether;uniform;NetherOres:tile.netherores.ore.0:12;minecraft:netherrack;Vein Branch Inclination: -_default_, -_default_, normal, base\nActive: no;Need Biome Types: Mountain\nNeed Biomes: MISSING;
Nether Ores;Ruby;Vanilla;Pipe Veins;Strategic Clouds;9;3;6;1.500;3.000;1.041;1.020;none;1.010;1.005;0.583;0.764;0.874;64.5;63.5;125.3;124.3;1;128;0;0;249.6;D10415;D0DC;Nether;uniform;NetherOres:tile.netherores.ore.0:13;minecraft:netherrack;Block Weights: 0.50, 0.50\nAlternate Blocks: minecraft:lava;Need Biome Types: Mountain\nNeed Biomes: MISSING;
Nether Ores;Peridot;Vanilla;Pipe Veins;Strategic Clouds;9;3;6;1.500;3.000;1.041;1.020;none;1.010;1.005;0.583;0.764;0.874;64.5;63.5;125.3;124.3;1;128;0;0;249.6;54A228;6CA7;Nether;uniform;NetherOres:tile.netherores.ore.0:14;minecraft:netherrack;Block Weights: 0.50, 0.50\nAlternate Blocks: minecraft:lava;Need Biome Types: Mountain\nNeed Biomes: MISSING;
Nether Ores;Sapphire;Vanilla;Pipe Veins;Strategic Clouds;9;3;6;1.500;3.000;1.041;1.020;none;1.010;1.005;0.583;0.764;0.874;64.5;63.5;125.3;124.3;1;128;0;0;249.6;554DB4;83DD;Nether;uniform;NetherOres:tile.netherores.ore.0:15;minecraft:netherrack;Block Weights: 0.50, 0.50\nAlternate Blocks: minecraft:lava;Need Biome Types: Mountain\nNeed Biomes: MISSING;
Nether Ores;Platinum;Vanilla;Huge Veins;Strategic Clouds;1.5;3;1;1.500;0.500;0.428;0.655;0.932;0.809;0.899;0.122;0.350;0.592;64.5;63.5;125.3;124.3;1;128;0;0;249.6;72A0D2;;Nether;uniform;NetherOres:tile.netherores.ore.1;minecraft:netherrack;;Need Biome Types: Mountain\nNeed Biomes: MISSING;
Nether Ores;Nickel;Vanilla;Huge Veins;Strategic Clouds;12;6;4;3.000;2.000;3.428;1.851;1.108;1.361;1.166;0.980;0.990;0.995;64.5;63.5;125.3;124.3;1;128;0;0;249.6;DDD396;;Nether;uniform;NetherOres:tile.netherores.ore.1:1;minecraft:netherrack;;Need Biome Types: Mountain\nNeed Biomes: MISSING;
Nether Ores;Steel;Vanilla;Huge Veins;Strategic Clouds;6;4;3;2.000;1.500;1.714;1.309;1.046;1.144;1.070;0.490;0.700;0.837;64.5;63.5;125.3;124.3;1;128;0;0;249.6;E89D97;;Nether;uniform;NetherOres:tile.netherores.ore.1:2;minecraft:netherrack;Active: no;Need Biome Types: Mountain\nNeed Biomes: MISSING;
Nether Ores;Iridium;Vanilla;Small Deposits;Strategic Clouds;1;2;1;1.000;0.500;0.098;0.078;1.038;none;none;0.082;0.286;0.535;64.5;63.5;125.3;124.3;1;128;0;0;249.6;CECECE;;Nether;uniform;NetherOres:tile.netherores.ore.1:3;minecraft:netherrack;Active: no;Need Biome Types: Mountain\nNeed Biomes: MISSING;
Nether Ores;Osmium;Vanilla;Huge Veins;Strategic Clouds;28;7;8;3.500;4.000;7.998;2.828;1.189;1.682;1.297;2.286;1.512;1.230;64.5;63.5;125.3;124.3;1;128;0;0;249.6;43638A;;Nether;uniform;NetherOres:tile.netherores.ore.1:4;minecraft:netherrack;Active: no;Need Biome Types: Mountain\nNeed Biomes: MISSING;
Nether Ores;Sulfur;Vanilla;Pipe Veins;Strategic Clouds;72;12;12;6.000;6.000;8.330;2.886;none;1.699;1.303;4.665;2.160;1.470;64.5;63.5;125.3;124.3;1;128;0;0;249.6;FDFD11;CB5E;Nether;uniform;NetherOres:tile.netherores.ore.1:5;minecraft:netherrack;Block Weights: 0.50, 0.50\nAlternate Blocks: minecraft:stone;Need Biome Types: Mountain\nNeed Biomes: MISSING;
Nether Ores;Titanium;Vanilla;Huge Veins;Strategic Clouds;3;2;3;1.000;1.500;0.857;0.926;0.987;0.962;0.981;0.245;0.495;0.703;64.5;63.5;125.3;124.3;1;128;0;0;249.6;686868;;Nether;uniform;NetherOres:tile.netherores.ore.1:6;minecraft:netherrack;Active: no;Need Biome Types: Mountain\nNeed Biomes: MISSING;
Nether Ores;Mithril;Vanilla;Huge Veins;Strategic Clouds;18;6;6;3.000;3.000;5.141;2.267;1.146;1.506;1.227;1.469;1.212;1.101;64.5;63.5;125.3;124.3;1;128;0;0;249.6;75E0F6;;Nether;uniform;NetherOres:tile.netherores.ore.1:7;minecraft:netherrack;Active: no;Need Biome Types: Mountain\nNeed Biomes: MISSING;
Nether Ores;Adamantium;Vanilla;Huge Veins;Strategic Clouds;10;4;5;2.000;2.500;2.856;1.690;1.091;1.300;1.140;0.816;0.904;0.951;64.5;63.5;125.3;124.3;1;128;0;0;249.6;9CA6B0;;Nether;uniform;NetherOres:tile.netherores.ore.1:8;minecraft:netherrack;Active: no;Need Biome Types: Mountain\nNeed Biomes: MISSING;
Nether Ores;Rutile;Vanilla;Huge Veins;Strategic Clouds;6;4;3;2.000;1.500;1.714;1.309;1.046;1.144;1.070;0.490;0.700;0.837;64.5;63.5;125.3;124.3;1;128;0;0;249.6;D2C7A9;;Nether;uniform;NetherOres:tile.netherores.ore.1:9;minecraft:netherrack;Active: no;Need Biome Types: Mountain\nNeed Biomes: MISSING;
Nether Ores;Tungsten;Vanilla;Huge Veins;Strategic Clouds;32;8;8;4.000;4.000;9.140;3.023;1.202;1.739;1.319;2.612;1.616;1.271;64.5;63.5;125.3;124.3;1;128;0;0;249.6;212121;;Nether;uniform;NetherOres:tile.netherores.ore.1:10;minecraft:netherrack;Active: no;Need Biome Types: Mountain\nNeed Biomes: MISSING;
Nether Ores;Amber;Vanilla;Sparse Veins;Strategic Clouds;15;6;5;3.000;2.500;5.628;2.372;none;1.540;1.241;1.224;1.107;1.052;64.5;63.5;125.3;124.3;1;128;0;0;249.6;FEA219;;Nether;uniform;NetherOres:tile.netherores.ore.1:11;minecraft:netherrack;Active: no;Need Biome Types: Mountain\nNeed Biomes: MISSING;
Nether Ores;Tennantite;Vanilla;Huge Veins;Strategic Clouds;32;8;8;4.000;4.000;9.140;3.023;1.202;1.739;1.319;2.612;1.616;1.271;64.5;63.5;125.3;124.3;1;128;0;0;249.6;9EE2B1;;Nether;uniform;NetherOres:tile.netherores.ore.1:12;minecraft:netherrack;Active: no;Need Biome Types: Mountain\nNeed Biomes: MISSING;
Nether Ores;Salt;Vanilla;Sparse Veins;Strategic Clouds;12.5;5;5;2.500;2.500;4.690;2.166;none;1.472;1.213;1.020;1.010;1.005;64.5;63.5;125.3;124.3;1;128;0;0;249.6;FFFFFF;;Nether;uniform;NetherOres:tile.netherores.ore.1:13;minecraft:netherrack;;Need Biome Types: Mountain\nNeed Biomes: MISSING;
Nether Ores;Saltpeter;Vanilla;Sparse Veins;Strategic Clouds;12;4;6;2.000;3.000;4.503;2.122;none;1.457;1.207;0.980;0.990;0.995;64.5;63.5;125.3;124.3;1;128;0;0;249.6;F4F6F9;;Nether;uniform;NetherOres:tile.netherores.ore.1:14;minecraft:netherrack;;Need Biome Types: Mountain\nNeed Biomes: MISSING;
Nether Ores;Magnesium;Vanilla;Sparse Veins;Strategic Clouds;10;5;4;2.500;2.000;3.752;1.937;none;1.392;1.180;0.816;0.904;0.951;64.5;63.5;125.3;124.3;1;128;0;0;249.6;827066;;Nether;uniform;NetherOres:tile.netherores.ore.1:15;minecraft:netherrack;;Need Biome Types: Mountain\nNeed Biomes: MISSING;
Project: Red;Ruby;Vanilla;Pipe Veins;Strategic Clouds;0.5;1;1;0.500;0.500;0.058;0.241;none;0.490;0.700;0.032;0.180;0.424;16;4;16;4;12;20;0;0;20;900113;E23A;Overworld, Underdark;normal;ProjRed|Exploration:projectred.exploration.ore;minecraft:stone;Block Weights: 0.50, 0.50\nAlternate Blocks: minecraft:lava;Need Biome Types: Mountain\nNeed Biomes: MISSING;
Project: Red;Sapphire;Vanilla;Pipe Veins;Strategic Clouds;0.5;1;1;0.500;0.500;0.058;0.241;none;0.490;0.700;0.032;0.180;0.424;16;4;16;4;12;20;0;0;20;0011C8;5196;Overworld, Underdark;normal;ProjRed|Exploration:projectred.exploration.ore:1;minecraft:stone;Block Weights: 0.50, 0.50\nAlternate Blocks: minecraft:lava;Need Biome Types: Mountain\nNeed Biomes: MISSING;
Project: Red;Peridot;Vanilla;Pipe Veins;Strategic Clouds;0.5;1;1;0.500;0.500;0.058;0.241;none;0.490;0.700;0.032;0.180;0.424;22;6;22;6;16;28;0;0;28;057529;8759;Overworld, Underdark;normal;ProjRed|Exploration:projectred.exploration.ore:2;minecraft:stone;Block Weights: 0.50, 0.50\nAlternate Blocks: minecraft:lava;Need Biome Types: Mountain\nNeed Biomes: MISSING;
Project: Red;Copper;Vanilla;Huge Veins;Strategic Clouds;32;8;8;4.000;4.000;9.140;3.023;1.202;1.739;1.319;2.612;1.616;1.271;35;29;35;29;6;64;169;87;64;FF8E2B;;Overworld, Underdark;normal;ProjRed|Exploration:projectred.exploration.ore:3;minecraft:stone;Active: no;Need Biome Types: Mountain\nNeed Biomes: MISSING;
Project: Red;Tin;Vanilla;Huge Veins;Strategic Clouds;20;8;5;4.000;2.500;5.713;2.390;1.156;1.546;1.243;1.633;1.278;1.130;27;21;27;21;6;48;145;63;48;E8E8E8;;Overworld, Underdark;normal;ProjRed|Exploration:projectred.exploration.ore:4;minecraft:stone;Active: no;Need Biome Types: Mountain\nNeed Biomes: MISSING;
Project: Red;Silver;Vanilla;Huge Veins;Strategic Clouds;2;4;1;2.000;0.500;0.571;0.756;0.954;0.869;0.932;0.163;0.404;0.636;19;13;19;13;6;32;121;39;32;E3F2F7;;Overworld, Underdark;normal;ProjRed|Exploration:projectred.exploration.ore:5;minecraft:stone;Active: no;Need Biome Types: Mountain\nNeed Biomes: MISSING;
Project: Red;Electrotine;Vanilla;Vertical Veins;Strategic Clouds;8;8;2;4.000;1.000;1.653;1.286;none;default;1.134;0.653;0.808;0.899;11;5;11;5;6;16;97;15;16;01FFFC;;Overworld, Underdark;normal;ProjRed|Exploration:projectred.exploration.ore:6;minecraft:stone;Active: no;Need Biome Types: Mountain\nNeed Biomes: MISSING;
Project: Red;Marble;Vanilla;Huge Veins;Stratum Clouds;8;16;1;8.000;0.500;2.285;1.512;1.071;1.229;1.109;0.223;0.472;0.687;48;16;48;16;32;64;208;48;64;FFFFFF;;Overworld, Underdark;normal;ProjRed|Exploration:projectred.exploration.stone;minecraft:stone;Active: no;Need Biome Types: Mountain\nNeed Biomes: MISSING;
Railcraft;Poor Iron;Vanilla;Sparse Veins;Strategic Clouds;256;16;32;8.000;16.000;96.057;9.801;none;3.131;1.769;20.898;4.571;2.138;40;4;40;4;36;44;184;12;44;DDC2AF;;Overworld, Underdark;normal;Railcraft:ore:7;minecraft:stone;Active: no;Need Biome Types: Mountain\nNeed Biomes: MISSING;
Railcraft;Poor Gold;Vanilla;Sparse Veins;Strategic Clouds;16;1;32;0.500;16.000;6.004;2.450;none;1.565;1.251;1.306;1.143;1.069;15;1;15;1;14;16;109;3;16;EAEF57;;Overworld, Underdark;normal;Railcraft:ore:8;minecraft:stone;Active: no;Need Biome Types: Mountain\nNeed Biomes: MISSING;
Railcraft;Poor Copper;Vanilla;Sparse Veins;Strategic Clouds;128;8;32;4.000;16.000;48.028;6.930;none;2.633;1.623;10.449;3.232;1.798;60;3;60;3;57;63;244;9;63;FF8E2B;;Overworld, Underdark;normal;Railcraft:ore:9;minecraft:stone;Active: no;Need Biome Types: Mountain\nNeed Biomes: MISSING;
Railcraft;Poor Tin;Vanilla;Sparse Veins;Strategic Clouds;32;2;32;1.000;16.000;12.007;3.465;none;1.861;1.364;2.612;1.616;1.271;50;2;50;2;48;52;214;6;52;E8E8E8;;Overworld, Underdark;normal;Railcraft:ore:10;minecraft:stone;Active: no;Need Biome Types: Mountain\nNeed Biomes: MISSING;
Railcraft;Poor Lead;Vanilla;Sparse Veins;Strategic Clouds;96;6;32;3.000;16.000;36.021;6.002;none;2.450;1.565;7.837;2.799;1.673;30;3;30;3;27;33;154;9;33;818EBE;;Overworld, Underdark;normal;Railcraft:ore:11;minecraft:stone;Active: no;Need Biome Types: Mountain\nNeed Biomes: MISSING;
Railcraft;Sulfur;Vanilla;Pipe Veins;Strategic Clouds;20;10;4;5.000;2.000;2.314;1.521;none;1.233;1.111;1.296;1.138;1.067;11;5;11;5;6;16;0;0;16;FFE25C;EE54;Overworld, Underdark;normal;Railcraft:ore;minecraft:stone;Block Weights: 0.50, 0.50\nAlternate Blocks: minecraft:stone;Need Biome Types: Mountain\nNeed Biomes: MISSING;
Railcraft;Saltpeter;Vanilla;Sparse Veins;Strategic Clouds;32;1;64;0.500;32.000;12.007;3.465;none;1.861;1.364;2.612;1.616;1.271;64;5;68.75;9.75;59;69;0;0;78.5;CED0BA;;Overworld, Underdark;normal;Railcraft:ore:1;Replaces: minecraft:sand, minecraft:sandstone;Need Biomes: MISSING\nNeed Biome Types: Desert\nBiome Rainfall Range: 0, 0.1\nBiome Temperature Range: 1.5, 2.0;Need Biome Types: Mountain\nNeed Biomes: MISSING;
Railcraft;Firestone;Vanilla;Small Deposits;Strategic Clouds;0.5;1;1;0.500;0.500;0.049;0.055;0.980;none;none;0.041;0.202;0.449;16;15;16;15;1;31;0;0;31;C64E0D;;Nether;normal;Railcraft:ore:5;minecraft:netherrack;Place Below: minecraft:lava;Need Biome Types: Mountain\nNeed Biomes: MISSING;Must be under a lava block.
Railcraft;Abyssal Geode;Vanilla;Geode;Strategic Clouds;0.5;1;1;0.500;0.500;0.188;0.433;0.870;none;none;0.041;0.202;0.449;30;10;30;10;20;40;154;30;40;000000;9668;Overworld, Underdark;normal;Railcraft:ore:2, Railcraft:ore:3, Railcraft:ore:4;minecraft:stone;;Need Biome Types: Mountain\nNeed Biomes: MISSING;Abyssal Geodes are specially handled.  DO NOT USE THIS CONFIG.
ReactorCraft;Pitchblende;Vanilla;Sparse Veins;Strategic Clouds;24;16;3;8.000;1.500;9.005;3.001;none;1.732;1.316;1.959;1.400;1.183;16;8;16;8;8;24;112;24;24;454454;;Overworld, Underdark;normal;ReactorCraft:reactorcraft_block_ore:1;minecraft:stone;Need Biome Types: Mushroom, Ocean, River\nNeed Biomes: MISSING;Need Biome Types: Mountain\nNeed Biomes: MISSING;
ReactorCraft;Cadmium;Vanilla;Huge Veins;Strategic Clouds;13.5;9;3;4.500;1.500;3.856;1.964;1.119;1.401;1.184;1.102;1.050;1.025;22;10;22;10;12;32;130;30;32;7184A4;;Overworld, Underdark;normal;ReactorCraft:reactorcraft_block_ore:2;minecraft:stone;;Need Biome Types: Mountain\nNeed Biomes: MISSING;
ReactorCraft;Indium;Vanilla;Huge Veins;Strategic Clouds;7;7;2;3.500;1.000;1.999;1.414;1.059;1.189;1.090;0.571;0.756;0.869;11;5;11;5;6;16;97;15;16;7A7C89;;Overworld, Underdark;normal;ReactorCraft:reactorcraft_block_ore:3;minecraft:stone;;Need Biome Types: Mountain\nNeed Biomes: MISSING;
ReactorCraft;Silver;Vanilla;Huge Veins;Strategic Clouds;9;9;2;4.500;1.000;2.571;1.603;1.082;1.266;1.125;0.735;0.857;0.926;28;12;28;12;16;40;148;36;40;E3F2F7;;Overworld, Underdark;normal;ReactorCraft:reactorcraft_block_ore:4;minecraft:stone;Active: no;Need Biome Types: Mountain\nNeed Biomes: MISSING;
ReactorCraft;End Pitchblende;Vanilla;Sparse Veins;Strategic Clouds;48;16;6;8.000;3.000;18.011;4.244;none;2.060;1.435;3.918;1.979;1.407;34.5;29.5;34.5;29.5;5;64;0;0;64;454454;;End;normal;ReactorCraft:reactorcraft_block_ore:5;minecraft:end_stone;;Need Biome Types: Mountain\nNeed Biomes: MISSING;
ReactorCraft;Ammonium Chloride;Vanilla;Sparse Veins;Strategic Clouds;24;8;6;4.000;3.000;9.005;3.001;none;1.732;1.316;1.959;1.400;1.183;32;0;32;0;32;32;0;0;32;FFFFFF;;Nether;normal;ReactorCraft:reactorcraft_block_ore:6;minecraft:netherrack;;Need Biome Types: Mountain\nNeed Biomes: MISSING;
ReactorCraft;Calcite;Vanilla;Sparse Veins;Strategic Clouds;24;4;12;2.000;6.000;9.005;3.001;none;1.732;1.316;1.959;1.400;1.183;46;14;46;14;32;60;202;42;60;FEA219;;Overworld, Underdark;normal;ReactorCraft:reactorcraft_block_ore:7;minecraft:stone;;Need Biome Types: Mountain\nNeed Biomes: MISSING;
ReactorCraft;Magnetite;Vanilla;Sparse Veins;Strategic Clouds;56;16;7;8.000;3.500;21.012;4.584;none;2.141;1.463;4.571;2.138;1.462;94;34;154.8;94.8;60;128;0;0;249.6;212121;;Overworld, Underdark;uniform;ReactorCraft:reactorcraft_block_ore:8;minecraft:stone;;Need Biome Types: Mountain\nNeed Biomes: MISSING;
ReactorCraft;Thorite;Vanilla;Sparse Veins;Strategic Clouds;12;24;1;12.000;0.500;4.503;2.122;none;1.457;1.207;0.980;0.990;0.995;18.5;13.5;18.5;13.5;5;32;0;0;32;54A228;;Nether;normal;ReactorCraft:reactorcraft_block_ore:9;minecraft:netherrack;;Need Biome Types: Mountain\nNeed Biomes: MISSING;
ReactorCraft;Blue Fluorite;Vanilla;Huge Veins;Strategic Clouds;6;8;1.5;4.000;0.750;1.714;1.309;1.046;1.144;1.070;0.490;0.700;0.837;46;14;46;14;32;60;202;42;60;283270;;Overworld, Underdark;normal;ReactorCraft:reactorcraft_block_fluoriteore;minecraft:stone;;Need Biome Types: Mountain\nNeed Biomes: MISSING;
ReactorCraft;Pink Fluorite;Vanilla;Huge Veins;Strategic Clouds;6;8;1.5;4.000;0.750;1.714;1.309;1.046;1.144;1.070;0.490;0.700;0.837;46;14;46;14;32;60;202;42;60;7A5970;;Overworld, Underdark;normal;ReactorCraft:reactorcraft_block_fluoriteore:1;minecraft:stone;;Need Biome Types: Mountain\nNeed Biomes: MISSING;
ReactorCraft;Orange Fluorite;Vanilla;Huge Veins;Strategic Clouds;6;8;1.5;4.000;0.750;1.714;1.309;1.046;1.144;1.070;0.490;0.700;0.837;46;14;46;14;32;60;202;42;60;7A5927;;Overworld, Underdark;normal;ReactorCraft:reactorcraft_block_fluoriteore:2;minecraft:stone;;Need Biome Types: Mountain\nNeed Biomes: MISSING;
ReactorCraft;Magenta Fluorite;Vanilla;Huge Veins;Strategic Clouds;6;8;1.5;4.000;0.750;1.714;1.309;1.046;1.144;1.070;0.490;0.700;0.837;46;14;46;14;32;60;202;42;60;602774;;Overworld, Underdark;normal;ReactorCraft:reactorcraft_block_fluoriteore:3;minecraft:stone;;Need Biome Types: Mountain\nNeed Biomes: MISSING;
ReactorCraft;Green Fluorite;Vanilla;Huge Veins;Strategic Clouds;6;8;1.5;4.000;0.750;1.714;1.309;1.046;1.144;1.070;0.490;0.700;0.837;46;14;46;14;32;60;202;42;60;347D3B;;Overworld, Underdark;normal;ReactorCraft:reactorcraft_block_fluoriteore:4;minecraft:stone;;Need Biome Types: Mountain\nNeed Biomes: MISSING;
ReactorCraft;Red Fluorite;Vanilla;Huge Veins;Strategic Clouds;6;8;1.5;4.000;0.750;1.714;1.309;1.046;1.144;1.070;0.490;0.700;0.837;46;14;46;14;32;60;202;42;60;974747;;Overworld, Underdark;normal;ReactorCraft:reactorcraft_block_fluoriteore:5;minecraft:stone;;Need Biome Types: Mountain\nNeed Biomes: MISSING;
ReactorCraft;White Fluorite;Vanilla;Huge Veins;Strategic Clouds;6;8;1.5;4.000;0.750;1.714;1.309;1.046;1.144;1.070;0.490;0.700;0.837;46;14;46;14;32;60;202;42;60;969696;;Overworld, Underdark;normal;ReactorCraft:reactorcraft_block_fluoriteore:6;minecraft:stone;;Need Biome Types: Mountain\nNeed Biomes: MISSING;
ReactorCraft;Yellow Fluorite;Vanilla;Huge Veins;Strategic Clouds;6;8;1.5;4.000;0.750;1.714;1.309;1.046;1.144;1.070;0.490;0.700;0.837;46;14;46;14;32;60;202;42;60;978834;;Overworld, Underdark;normal;ReactorCraft:reactorcraft_block_fluoriteore:7;minecraft:stone;;Need Biome Types: Mountain\nNeed Biomes: MISSING;
Vanilla;Clay;Vanilla;Small Deposits;Stratum Clouds;256;32;16;16.000;8.000;25.083;1.252;1.648;none;none;7.143;2.673;1.635;60;4;60;4;56;64;244;12;64;A5A9B9;;Overworld, Underdark;normal;minecraft:clay;minecraft:dirt, minecraft:gravel, minecraft:sand;;Need Biome Types: Mountain\nNeed Biomes: MISSING;Clay is specially handled.  DO NOT USE THIS CONFIG.
Vanilla;Coal;Vanilla;Sparse Veins;Strategic Clouds;160;16;20;8.000;10.000;60.036;7.748;none;2.784;1.668;13.061;3.614;1.901;64;64;124.8;124.8;0;128;0;0;249.6;2A2A2A;;Overworld, Underdark;normal;minecraft:coal_ore;minecraft:stone;;Need Biome Types: Mountain\nNeed Biomes: MISSING;
Vanilla;Iron;Vanilla;Huge Veins;Strategic Clouds;80;8;20;4.000;10.000;22.850;4.780;1.298;2.186;1.479;6.531;2.556;1.599;32;32;32;32;0;64;160;96;64;DDC2AF;;Overworld, Underdark;normal;minecraft:iron_ore;minecraft:stone;;Need Biome Types: Mountain\nNeed Biomes: MISSING;
Vanilla;Gold;Vanilla;Huge Veins;Strategic Clouds;8;8;2;4.000;1.000;2.285;1.512;1.071;1.229;1.109;0.653;0.808;0.899;16;16;16;16;0;32;112;48;32;EAEF57;;Overworld, Underdark;normal;minecraft:gold_ore;minecraft:stone;;Need Biome Types: Mountain\nNeed Biomes: MISSING;
Vanilla;Redstone;Vanilla;Vertical Veins;Strategic Clouds;28;7;8;3.500;4.000;5.787;2.406;none;default;1.551;2.286;1.512;1.230;8;8;8;8;0;16;88;24;16;A80002;;Overworld, Underdark;normal;minecraft:redstone_ore;minecraft:stone;Vein Branch Inclination: -_default_, -_default_, normal, base;Need Biome Types: Mountain\nNeed Biomes: MISSING;
Vanilla;Diamond;Vanilla;Pipe Veins;Strategic Clouds;3.5;7;1;3.500;0.500;0.405;0.636;none;0.798;0.893;0.227;0.476;0.690;8;8;8;8;0;16;0;0;16;8BF4E3;197B;Overworld, Underdark;normal;minecraft:diamond_ore;minecraft:stone;Block Weights: 0.50, 0.50\nAlternate Blocks: minecraft:lava;Need Biome Types: Mountain\nNeed Biomes: MISSING;
Vanilla;Lapis Lazuli;Vanilla;Vertical Veins;Strategic Clouds;3;6;1;3.000;0.500;0.620;0.787;none;default;0.887;0.245;0.495;0.703;16;0;16;0;16;16;112;0;16;1442BA;;Overworld, Underdark;normal;minecraft:lapis_ore;minecraft:stone;Vein Branch Inclination: -_default_, -_default_, normal, base;Need Biome Types: Mountain\nNeed Biomes: MISSING;
Vanilla;Emerald;Vanilla;Pipe Veins;Strategic Clouds;9;2;9;1.000;4.500;1.041;1.020;none;1.010;1.005;0.583;0.764;0.874;16;12;16;12;4;28;0;0;28;6CE391;54B3;Overworld, Underdark;normal;minecraft:emerald_ore;minecraft:stone;Block Weights: 0.50, 0.50\nAlternate Blocks: minecraft:monster_egg\nNeed Biome Types: Mountain\nNeed Biomes: MISSING;;Hills Biomes Only
Vanilla;Nether Quartz;Vanilla;Sparse Veins;Strategic Clouds;104;16;13;8.000;6.500;39.023;6.247;none;2.499;1.581;8.490;2.914;1.707;59;49;100.8;90.8;10;108;0;0;191.6;DBCCBF;;Nether;normal;minecraft:quartz_ore;minecraft:netherrack;;Need Biome Types: Mountain\nNeed Biomes: MISSING;
